Macrotrends Data Download,,,,,,,,,,,,,,,,,,,,,,,,,,,
,,,,,,,,,,,,,,,,,,,,,,,,,,,
WTI Crude Oil Prices - 10 Year Daily Chart,,,,,,,,,,,,,,,,,,,,,,,,,,,
,,,,,,,,,,,,,,,,,,,,,,,,,,,
"DISCLAIMER AND TERMS OF USE: HISTORICAL DATA IS PROVIDED ""AS IS"" AND SOLELY",,,,,,,,,,,,,,,,,,,,,,,,,,,
FOR INFORMATIONAL PURPOSES - NOT FOR TRADING PURPOSES OR ADVICE.,,,,,,,,,,,,,,,,,,,,,,,,,,,
NEITHER MACROTRENDS LLC NOR ANY OF OUR INFORMATION PROVIDERS WILL BE LIABLE,,,,,,,,,,,,,,,,,,,,,,,,,,,
FOR ANY DAMAGES RELATING TO YOUR USE OF THE DATA PROVIDED.,,,,,,,,,,,,,,,,,,,,,,,,,,,
,,,,,,,,,,,,,,,,,,,,,,,,,,,
,,,,,,,,,,,,,,,,,,,,,,,,,,,
,,,,,,,,,,,,,,,,,,,,,,,,,,,
"ATTRIBUTION: Proper attribution requires clear indication of the data source as ""www.macrotrends.net"".",,,,,,,,,,,,,,,,,,,,,,,,,,,
"A ""dofollow"" backlink to the originating page is also required if the data is displayed on a web page.",,,,,,,,,,,,,,,,,,,,,,,,,,,
,,,,,,,,,,,,,,,,,,,,,,,,,,,
2011,,,2012,,,2013,,,2014,,,2015,,,2016,,,2017,,,2018,,,2019,,,
date, value,,date, value,,date, value,,date, value,,date, value,,date, value,,date, value,,date, value,,date, value,,
1/3/11,91.55,,1/3/12,102.96,,1/2/13,93.12,,1/2/14,95.44,,1/2/15,52.69,,1/4/16,36.76,,1/3/17,52.33,,1/2/18,60.37,,1/2/19,46.54,,
1/4/11,89.38,,1/4/12,103.22,,1/3/13,92.92,,1/3/14,93.96,,1/5/15,50.04,,1/5/16,35.97,,1/4/17,53.26,,1/3/18,61.63,,1/3/19,47.09,,
1/5/11,90.3,,1/5/12,101.81,,1/4/13,93.09,,1/6/14,93.43,,1/6/15,47.93,,1/6/16,33.97,,1/5/17,53.76,,1/4/18,62.01,,1/4/19,47.96,,
1/6/11,88.38,,1/6/12,101.56,,1/7/13,93.19,,1/7/14,93.67,,1/7/15,48.65,,1/7/16,33.27,,1/6/17,53.99,,1/5/18,61.44,,1/7/19,48.52,,
1/7/11,88.03,,1/9/12,101.31,,1/8/13,93.15,,1/8/14,92.33,,1/8/15,48.79,,1/8/16,33.16,,1/9/17,51.96,,1/8/18,61.73,,1/8/19,49.78,,
1/10/11,89.25,,1/10/12,102.24,,1/9/13,93.1,,1/9/14,91.66,,1/9/15,48.36,,1/11/16,31.41,,1/10/17,50.82,,1/9/18,62.96,,1/9/19,52.36,,
1/11/11,91.11,,1/11/12,100.87,,1/10/13,93.82,,1/10/14,92.72,,1/12/15,46.07,,1/12/16,30.44,,1/11/17,52.25,,1/10/18,63.57,,1/10/19,52.59,,
1/12/11,91.86,,1/12/12,99.1,,1/11/13,93.56,,1/13/14,91.8,,1/13/15,45.89,,1/13/16,30.48,,1/12/17,53.01,,1/11/18,63.8,,1/11/19,51.59,,
1/13/11,91.4,,1/13/12,98.7,,1/14/13,94.14,,1/14/14,92.59,,1/14/15,48.576,,1/14/16,31.382,,1/13/17,52.37,,1/12/18,64.3,,1/14/19,50.51,,
1/14/11,91.746,,1/17/12,100.742,,1/15/13,93.28,,1/15/14,94.206,,1/15/15,46.442,,1/15/16,29.808,,1/17/17,52.636,,1/16/18,63.73,,1/15/19,52.11,,
1/18/11,91.752,,1/18/12,100.658,,1/16/13,94.328,,1/16/14,94.016,,1/16/15,48.954,,1/19/16,29.126,,1/18/17,51.404,,1/17/18,63.96,,1/16/19,52.37,,
1/19/11,91.43,,1/19/12,100.48,,1/17/13,95.67,,1/17/14,94.502,,1/20/15,46.454,,1/20/16,27.99,,1/19/17,51.82,,1/18/18,63.926,,1/17/19,52.186,,
1/20/11,89.444,,1/20/12,98.356,,1/18/13,95.848,,1/21/14,94.974,,1/21/15,47.78,,1/21/16,29.53,,1/20/17,53.06,,1/19/18,63.334,,1/18/19,53.944,,
1/21/11,89.11,,1/23/12,99.58,,1/22/13,96.592,,1/22/14,96.73,,1/22/15,46.31,,1/22/16,32.19,,1/23/17,52.75,,1/22/18,63.554,,1/22/19,52.922,,
1/24/11,87.87,,1/24/12,98.95,,1/23/13,95.23,,1/23/14,97.32,,1/23/15,45.59,,1/25/16,30.34,,1/24/17,53.18,,1/23/18,64.47,,1/23/19,52.62,,
1/25/11,86.19,,1/25/12,99.4,,1/24/13,95.95,,1/24/14,96.64,,1/26/15,45.15,,1/26/16,31.45,,1/25/17,52.75,,1/24/18,65.61,,1/24/19,53.13,,
1/26/11,87.33,,1/26/12,99.7,,1/25/13,95.88,,1/27/14,95.72,,1/27/15,46.23,,1/27/16,32.3,,1/26/17,53.78,,1/25/18,65.51,,1/25/19,53.69,,
1/27/11,85.64,,1/27/12,99.56,,1/28/13,96.44,,1/28/14,97.41,,1/28/15,44.45,,1/28/16,33.22,,1/27/17,53.17,,1/26/18,66.14,,1/28/19,51.99,,
1/28/11,89.34,,1/30/12,98.78,,1/29/13,97.57,,1/29/14,97.36,,1/29/15,44.53,,1/29/16,33.62,,1/30/17,52.63,,1/29/18,65.56,,1/29/19,53.31,,
1/31/11,92.19,,1/31/12,98.48,,1/30/13,97.94,,1/30/14,98.23,,1/30/15,48.24,,2/1/16,31.62,,1/31/17,52.81,,1/30/18,64.5,,1/30/19,54.23,,
2/1/11,90.77,,2/1/12,97.61,,1/31/13,97.49,,1/31/14,97.49,,2/2/15,49.57,,2/2/16,29.88,,2/1/17,53.88,,1/31/18,64.73,,1/31/19,53.79,,
2/2/11,90.86,,2/2/12,96.36,,2/1/13,97.77,,2/3/14,96.43,,2/3/15,53.05,,2/3/16,32.28,,2/2/17,53.54,,2/1/18,65.8,,2/1/19,55.26,,
2/3/11,90.54,,2/3/12,97.84,,2/4/13,96.17,,2/4/14,97.19,,2/4/15,48.45,,2/4/16,31.72,,2/3/17,53.83,,2/2/18,65.45,,2/4/19,54.56,,
2/4/11,89.03,,2/6/12,96.91,,2/5/13,96.64,,2/5/14,97.38,,2/5/15,50.48,,2/5/16,30.89,,2/6/17,53.01,,2/5/18,64.15,,2/5/19,53.66,,
2/7/11,87.48,,2/7/12,98.41,,2/6/13,96.62,,2/6/14,97.84,,2/6/15,51.69,,2/8/16,29.69,,2/7/17,52.17,,2/6/18,63.39,,2/6/19,54.01,,
2/8/11,86.94,,2/8/12,98.71,,2/7/13,95.83,,2/7/14,99.88,,2/9/15,52.86,,2/9/16,27.94,,2/8/17,52.34,,2/7/18,61.79,,2/7/19,52.64,,
2/9/11,86.71,,2/9/12,99.84,,2/8/13,95.72,,2/10/14,100.06,,2/10/15,50.02,,2/10/16,27.45,,2/9/17,53,,2/8/18,61.15,,2/8/19,52.72,,
2/10/11,86.73,,2/10/12,98.67,,2/11/13,97.03,,2/11/14,99.94,,2/11/15,48.84,,2/11/16,26.21,,2/10/17,53.86,,2/9/18,59.2,,2/11/19,52.41,,
2/11/11,85.58,,2/13/12,100.91,,2/12/13,97.51,,2/12/14,100.37,,2/12/15,51.21,,2/12/16,29.44,,2/13/17,52.93,,2/12/18,59.29,,2/12/19,53.1,,
2/14/11,84.81,,2/14/12,100.74,,2/13/13,97.01,,2/13/14,100.35,,2/13/15,52.78,,2/16/16,29.04,,2/14/17,53.2,,2/13/18,59.19,,2/13/19,53.9,,
2/15/11,84.32,,2/15/12,101.868,,2/14/13,97.428,,2/14/14,100.266,,2/17/15,53.682,,2/17/16,31.124,,2/15/17,53.208,,2/14/18,60.582,,2/14/19,54.486,,
2/16/11,85.56,,2/16/12,102.442,,2/15/13,96.08,,2/18/14,102.298,,2/18/15,52.412,,2/18/16,31.634,,2/16/17,53.516,,2/15/18,61.272,,2/15/19,55.746,,
2/17/11,87.352,,2/17/12,103.456,,2/19/13,96.924,,2/19/14,103.028,,2/19/15,51.562,,2/19/16,30.906,,2/17/17,53.628,,2/16/18,61.602,,2/19/19,56.306,,
2/18/11,88.306,,2/21/12,106.168,,2/20/13,95.068,,2/20/14,102.784,,2/20/15,50.716,,2/22/16,33.008,,2/21/17,54.276,,2/20/18,61.812,,2/20/19,57.112,,
2/22/11,95.05,,2/22/12,106.28,,2/21/13,92.84,,2/21/14,102.2,,2/23/15,49.45,,2/23/16,31.87,,2/22/17,53.59,,2/21/18,61.68,,2/21/19,56.96,,
2/23/11,98.1,,2/23/12,107.83,,2/22/13,93.13,,2/24/14,102.82,,2/24/15,49.28,,2/24/16,32.15,,2/23/17,54.45,,2/22/18,62.77,,2/22/19,57.26,,
2/24/11,97.28,,2/24/12,109.77,,2/25/13,93.11,,2/25/14,101.83,,2/25/15,50.99,,2/25/16,33.07,,2/24/17,53.99,,2/23/18,63.55,,2/25/19,55.48,,
2/25/11,97.88,,2/27/12,108.56,,2/26/13,92.63,,2/26/14,102.59,,2/26/15,48.17,,2/26/16,32.78,,2/27/17,54.05,,2/26/18,63.91,,2/26/19,55.5,,
2/28/11,96.97,,2/28/12,106.55,,2/27/13,92.76,,2/27/14,102.4,,2/27/15,49.76,,2/29/16,33.75,,2/28/17,54.01,,2/27/18,63.01,,2/27/19,56.94,,
3/1/11,99.63,,2/29/12,107.07,,2/28/13,92.05,,2/28/14,102.59,,3/2/15,49.59,,3/1/16,34.4,,3/1/17,53.83,,2/28/18,61.64,,2/28/19,57.22,,
3/2/11,102.23,,3/1/12,108.84,,3/1/13,90.68,,3/3/14,104.92,,3/3/15,50.52,,3/2/16,34.66,,3/2/17,52.61,,3/1/18,60.99,,3/1/19,55.8,,
3/3/11,101.91,,3/2/12,106.7,,3/4/13,90.12,,3/4/14,103.33,,3/4/15,51.53,,3/3/16,34.57,,3/3/17,53.33,,3/2/18,61.25,,3/4/19,56.59,,
3/4/11,104.42,,3/5/12,106.72,,3/5/13,90.82,,3/5/14,101.45,,3/5/15,50.76,,3/4/16,35.92,,3/6/17,53.2,,3/5/18,62.57,,3/5/19,56.56,,
3/7/11,105.44,,3/6/12,104.7,,3/6/13,90.43,,3/6/14,101.56,,3/6/15,49.61,,3/7/16,37.9,,3/7/17,53.14,,3/6/18,62.6,,3/6/19,56.22,,
3/8/11,105.02,,3/7/12,106.16,,3/7/13,91.56,,3/7/14,102.58,,3/9/15,50,,3/8/16,36.5,,3/8/17,50.28,,3/7/18,61.15,,3/7/19,56.66,,
3/9/11,104.38,,3/8/12,106.58,,3/8/13,91.95,,3/10/14,101.12,,3/10/15,48.29,,3/9/16,38.29,,3/9/17,49.28,,3/8/18,60.12,,3/8/19,56.07,,
3/10/11,102.7,,3/9/12,107.4,,3/11/13,92.06,,3/11/14,100.03,,3/11/15,48.17,,3/10/16,37.84,,3/10/17,48.49,,3/9/18,62.04,,3/11/19,56.79,,
3/11/11,101.16,,3/12/12,106.34,,3/12/13,92.54,,3/12/14,97.99,,3/12/15,47.05,,3/11/16,38.5,,3/13/17,48.4,,3/12/18,61.36,,3/12/19,56.87,,
3/14/11,101.19,,3/13/12,106.71,,3/13/13,92.52,,3/13/14,98.2,,3/13/15,44.84,,3/14/16,37.18,,3/14/17,47.72,,3/13/18,60.71,,3/13/19,58.26,,
3/15/11,97.18,,3/14/12,105.43,,3/14/13,93.03,,3/14/14,98.89,,3/16/15,43.88,,3/15/16,36.34,,3/15/17,48.86,,3/14/18,60.96,,3/14/19,58.61,,
3/16/11,97.98,,3/15/12,105.218,,3/15/13,93.524,,3/17/14,97.988,,3/17/15,43.806,,3/16/16,38.768,,3/16/17,48.848,,3/15/18,61.202,,3/15/19,58.58,,
3/17/11,101.614,,3/16/12,107.268,,3/18/13,93.888,,3/18/14,99.372,,3/18/15,45.456,,3/17/16,40.784,,3/17/17,48.992,,3/16/18,62.368,,3/18/19,59.206,,
3/18/11,101.382,,3/19/12,108.372,,3/19/13,92.376,,3/19/14,99.65,,3/19/15,44.902,,3/18/16,40.46,,3/20/17,48.634,,3/19/18,62.102,,3/19/19,59.186,,
3/21/11,102.786,,3/20/12,105.978,,3/20/13,93.392,,3/20/14,99.006,,3/20/15,46.4,,3/21/16,41.198,,3/21/17,48.06,,3/20/18,63.512,,3/20/19,60.15,,
3/22/11,104.776,,3/21/12,107.27,,3/21/13,92.45,,3/21/14,99.46,,3/23/15,47.45,,3/22/16,41.45,,3/22/17,48.04,,3/21/18,65.17,,3/21/19,59.98,,
3/23/11,105.75,,3/22/12,105.35,,3/22/13,93.71,,3/24/14,99.6,,3/24/15,47.51,,3/23/16,39.79,,3/23/17,47.7,,3/22/18,64.3,,3/22/19,59.04,,
3/24/11,105.6,,3/23/12,106.87,,3/25/13,94.81,,3/25/14,99.19,,3/25/15,49.21,,3/24/16,39.46,,3/24/17,47.97,,3/23/18,65.88,,3/25/19,58.82,,
3/25/11,105.4,,3/26/12,107.03,,3/26/13,96.34,,3/26/14,100.26,,3/26/15,51.43,,3/28/16,39.39,,3/27/17,47.73,,3/26/18,65.55,,3/26/19,59.94,,
3/28/11,103.98,,3/27/12,107.33,,3/27/13,96.58,,3/27/14,101.28,,3/27/15,48.87,,3/29/16,38.28,,3/28/17,48.37,,3/27/18,65.25,,3/27/19,59.41,,
3/29/11,104.79,,3/28/12,105.41,,3/28/13,97.23,,3/28/14,101.67,,3/30/15,48.68,,3/30/16,38.32,,3/29/17,49.51,,3/28/18,64.38,,3/28/19,59.3,,
3/30/11,104.27,,3/29/12,102.78,,4/1/13,97.07,,3/31/14,101.58,,3/31/15,47.6,,3/31/16,38.34,,3/30/17,50.35,,3/29/18,64.94,,3/29/19,60.14,,
3/31/11,106.72,,3/30/12,103.02,,4/2/13,97.19,,4/1/14,99.74,,4/1/15,50.09,,4/1/16,36.79,,3/31/17,50.6,,4/2/18,63.01,,4/1/19,61.59,,
4/1/11,107.94,,4/2/12,105.23,,4/3/13,94.45,,4/2/14,99.62,,4/2/15,49.14,,4/4/16,35.7,,4/3/17,50.24,,4/3/18,63.51,,4/2/19,62.58,,
4/4/11,108.47,,4/3/12,104.01,,4/4/13,93.26,,4/3/14,100.29,,4/6/15,52.14,,4/5/16,35.89,,4/4/17,51.03,,4/4/18,63.37,,4/3/19,62.46,,
4/5/11,108.34,,4/4/12,101.47,,4/5/13,92.7,,4/4/14,101.14,,4/7/15,53.98,,4/6/16,37.75,,4/5/17,51.15,,4/5/18,63.54,,4/4/19,62.1,,
4/6/11,108.83,,4/5/12,103.31,,4/8/13,93.36,,4/7/14,100.44,,4/8/15,50.42,,4/7/16,37.26,,4/6/17,51.7,,4/6/18,62.06,,4/5/19,63.08,,
4/7/11,110.3,,4/9/12,102.46,,4/9/13,94.2,,4/8/14,102.56,,4/9/15,50.79,,4/8/16,39.72,,4/7/17,52.24,,4/9/18,63.42,,4/8/19,64.4,,
4/8/11,112.79,,4/10/12,101.02,,4/10/13,94.64,,4/9/14,103.6,,4/10/15,51.64,,4/11/16,40.36,,4/10/17,53.08,,4/10/18,65.51,,4/9/19,63.98,,
4/11/11,109.92,,4/11/12,102.7,,4/11/13,93.51,,4/10/14,103.4,,4/13/15,51.91,,4/12/16,42.17,,4/11/17,53.4,,4/11/18,66.82,,4/10/19,64.61,,
4/12/11,106.25,,4/12/12,103.64,,4/12/13,91.29,,4/11/14,103.74,,4/14/15,53.29,,4/13/16,41.76,,4/12/17,53.11,,4/12/18,67.07,,4/11/19,63.58,,
4/13/11,107.11,,4/13/12,102.83,,4/15/13,88.71,,4/14/14,104.05,,4/15/15,56.39,,4/14/16,41.5,,4/13/17,53.18,,4/13/18,67.39,,4/12/19,63.89,,
4/14/11,108.228,,4/16/12,102.93,,4/16/13,88.72,,4/15/14,103.75,,4/16/15,56.99,,4/15/16,40.63,,4/17/17,52.742,,4/16/18,66.22,,4/15/19,63.4,,
4/15/11,109.884,,4/17/12,104.288,,4/17/13,86.738,,4/16/14,103.614,,4/17/15,56.372,,4/18/16,40.344,,4/18/17,52.586,,4/17/18,66.518,,4/16/19,64.078,,
4/18/11,107.462,,4/18/12,102.85,,4/18/13,87.838,,4/17/14,103.928,,4/20/15,57.28,,4/19/16,41.914,,4/19/17,50.686,,4/18/18,68.47,,4/17/19,63.804,,
4/19/11,108.254,,4/19/12,102.54,,4/19/13,88.166,,4/21/14,103.938,,4/21/15,56.34,,4/20/16,43.87,,4/20/17,50.622,,4/19/18,68.314,,4/18/19,64.042,,
4/20/11,111.45,,4/20/12,103.714,,4/22/13,89.104,,4/22/14,101.826,,4/22/15,56.16,,4/21/16,43.18,,4/21/17,49.62,,4/20/18,68.396,,4/22/19,65.58,,
4/21/11,112.29,,4/23/12,103.11,,4/23/13,89.18,,4/23/14,101.44,,4/23/15,57.74,,4/22/16,43.73,,4/24/17,49.23,,4/23/18,68.64,,4/23/19,66.3,,
4/25/11,112.28,,4/24/12,103.55,,4/24/13,91.43,,4/24/14,101.94,,4/24/15,57.15,,4/25/16,42.64,,4/25/17,49.56,,4/24/18,67.7,,4/24/19,65.89,,
4/26/11,112.21,,4/25/12,104.12,,4/25/13,93.64,,4/25/14,100.6,,4/27/15,56.99,,4/26/16,44.04,,4/26/17,49.62,,4/25/18,68.05,,4/25/19,65.21,,
4/27/11,112.76,,4/26/12,104.55,,4/26/13,93,,4/28/14,100.84,,4/28/15,57.06,,4/27/16,45.33,,4/27/17,48.97,,4/26/18,68.19,,4/26/19,63.3,,
4/28/11,112.86,,4/27/12,104.93,,4/29/13,94.5,,4/29/14,101.28,,4/29/15,58.58,,4/28/16,46.03,,4/28/17,49.33,,4/27/18,68.1,,4/29/19,63.5,,
4/29/11,113.93,,4/30/12,104.87,,4/30/13,93.46,,4/30/14,99.74,,4/30/15,59.63,,4/29/16,45.92,,5/1/17,48.84,,4/30/18,68.57,,4/30/19,63.91,,
5/2/11,113.52,,5/1/12,106.16,,5/1/13,91.03,,5/1/14,99.42,,5/1/15,59.15,,5/2/16,44.78,,5/2/17,47.66,,5/1/18,67.25,,5/1/19,63.6,,
5/3/11,111.05,,5/2/12,105.22,,5/2/13,93.99,,5/2/14,99.76,,5/4/15,58.93,,5/3/16,43.65,,5/3/17,47.82,,5/2/18,67.93,,5/2/19,61.81,,
5/4/11,109.24,,5/3/12,102.54,,5/3/13,95.61,,5/5/14,99.48,,5/5/15,60.4,,5/4/16,43.78,,5/4/17,45.52,,5/3/18,68.43,,5/3/19,61.94,,
5/5/11,99.8,,5/4/12,98.49,,5/6/13,96.16,,5/6/14,99.5,,5/6/15,60.93,,5/5/16,44.32,,5/5/17,46.22,,5/4/18,69.72,,5/6/19,62.25,,
5/6/11,97.18,,5/7/12,97.94,,5/7/13,95.62,,5/7/14,100.77,,5/7/15,58.94,,5/6/16,44.66,,5/8/17,46.43,,5/7/18,70.73,,5/7/19,61.4,,
5/9/11,102.55,,5/8/12,97.01,,5/8/13,96.62,,5/8/14,100.26,,5/8/15,59.39,,5/9/16,43.44,,5/9/17,45.88,,5/8/18,69.06,,5/8/19,62.12,,
5/10/11,103.88,,5/9/12,96.81,,5/9/13,96.39,,5/9/14,99.99,,5/11/15,59.25,,5/10/16,44.66,,5/10/17,47.33,,5/9/18,71.14,,5/9/19,61.7,,
5/11/11,98.21,,5/10/12,97.08,,5/10/13,96.04,,5/12/14,100.59,,5/12/15,60.75,,5/11/16,46.23,,5/11/17,47.83,,5/10/18,71.36,,5/10/19,61.66,,
5/12/11,98.97,,5/11/12,96.13,,5/13/13,95.17,,5/13/14,101.7,,5/13/15,60.5,,5/12/16,46.7,,5/12/17,47.84,,5/11/18,70.7,,5/13/19,61.04,,
5/13/11,99.65,,5/14/12,94.78,,5/14/13,94.21,,5/14/14,102.37,,5/14/15,60.072,,5/13/16,46.21,,5/15/17,48.85,,5/14/18,70.96,,5/14/19,61.78,,
5/16/11,97.37,,5/15/12,93.98,,5/15/13,94.3,,5/15/14,101.426,,5/15/15,60.03,,5/16/16,47.72,,5/16/17,48.66,,5/15/18,71.31,,5/15/19,62.02,,
5/17/11,97.014,,5/16/12,92.81,,5/16/13,95.218,,5/16/14,101.844,,5/18/15,59.916,,5/17/16,48.446,,5/17/17,49.138,,5/16/18,71.49,,5/16/19,62.908,,
5/18/11,100.284,,5/17/12,92.636,,5/17/13,96.128,,5/19/14,102.31,,5/19/15,57.844,,5/18/16,48.426,,5/18/17,49.474,,5/17/18,71.506,,5/17/19,62.824,,
5/19/11,98.734,,5/18/12,91.608,,5/20/13,96.842,,5/20/14,102.352,,5/20/15,58.98,,5/19/16,48.466,,5/19/17,50.534,,5/18/18,71.316,,5/20/19,63.166,,
5/20/11,99.978,,5/21/12,92.744,,5/21/13,96.176,,5/21/14,104.07,,5/21/15,60.72,,5/20/16,48.278,,5/22/17,51.05,,5/21/18,72.306,,5/21/19,63.102,,
5/23/11,97.7,,5/22/12,91.812,,5/22/13,94.28,,5/22/14,103.74,,5/22/15,59.72,,5/23/16,48.08,,5/23/17,51.47,,5/22/18,72.186,,5/22/19,61.42,,
5/24/11,99.59,,5/23/12,89.9,,5/23/13,94.25,,5/23/14,104.35,,5/26/15,58.03,,5/24/16,48.62,,5/24/17,51.36,,5/23/18,71.84,,5/23/19,57.91,,
5/25/11,101.32,,5/24/12,90.66,,5/24/13,94.15,,5/27/14,104.11,,5/27/15,57.51,,5/25/16,49.56,,5/25/17,48.9,,5/24/18,70.71,,5/24/19,58.63,,
5/26/11,100.23,,5/25/12,90.86,,5/28/13,95.01,,5/28/14,102.72,,5/28/15,57.68,,5/26/16,49.48,,5/26/17,49.8,,5/25/18,67.88,,5/28/19,59.14,,
5/27/11,100.59,,5/29/12,90.76,,5/29/13,93.13,,5/29/14,103.58,,5/29/15,60.3,,5/27/16,49.33,,5/30/17,49.66,,5/29/18,66.73,,5/29/19,58.81,,
5/31/11,102.7,,5/30/12,87.82,,5/30/13,93.61,,5/30/14,102.71,,6/1/15,60.2,,5/31/16,49.1,,5/31/17,48.32,,5/30/18,68.21,,5/30/19,56.59,,
6/1/11,100.29,,5/31/12,86.53,,5/31/13,91.97,,6/2/14,102.47,,6/2/15,61.26,,6/1/16,49.01,,6/1/17,48.36,,5/31/18,67.04,,5/31/19,53.5,,
6/2/11,100.4,,6/1/12,83.23,,6/3/13,93.45,,6/3/14,102.66,,6/3/15,59.64,,6/2/16,49.17,,6/2/17,47.66,,6/1/18,65.81,,6/3/19,53.25,,
6/3/11,100.22,,6/4/12,83.98,,6/4/13,93.31,,6/4/14,102.64,,6/4/15,58,,6/3/16,48.62,,6/5/17,47.4,,6/4/18,64.75,,6/4/19,53.48,,
6/6/11,99.01,,6/5/12,84.29,,6/5/13,93.74,,6/5/14,102.48,,6/5/15,59.13,,6/6/16,49.69,,6/6/17,48.19,,6/5/18,65.52,,6/5/19,51.68,,
6/7/11,99.09,,6/6/12,85.02,,6/6/13,94.76,,6/6/14,102.66,,6/8/15,58.14,,6/7/16,50.36,,6/7/17,45.72,,6/6/18,64.73,,6/6/19,52.59,,
6/8/11,100.74,,6/7/12,84.82,,6/7/13,96.03,,6/9/14,104.41,,6/9/15,60.14,,6/8/16,51.23,,6/8/17,45.64,,6/7/18,65.95,,6/7/19,53.99,,
6/9/11,101.93,,6/8/12,84.1,,6/10/13,95.77,,6/10/14,104.35,,6/10/15,61.43,,6/9/16,50.56,,6/9/17,45.83,,6/8/18,65.74,,6/10/19,53.26,,
6/10/11,99.29,,6/11/12,82.7,,6/11/13,95.38,,6/11/14,104.4,,6/11/15,60.77,,6/10/16,49.07,,6/12/17,46.08,,6/11/18,66.1,,6/11/19,53.27,,
6/13/11,97.3,,6/12/12,83.32,,6/12/13,95.88,,6/12/14,106.53,,6/12/15,59.96,,6/13/16,48.88,,6/13/17,46.46,,6/12/18,66.36,,6/12/19,51.14,,
6/14/11,99.37,,6/13/12,82.62,,6/13/13,96.69,,6/13/14,106.91,,6/15/15,59.52,,6/14/16,48.49,,6/14/17,44.73,,6/13/18,66.64,,6/13/19,52.28,,
6/15/11,94.81,,6/14/12,83.91,,6/14/13,97.85,,6/16/14,106.9,,6/16/15,59.97,,6/15/16,48.01,,6/15/17,44.504,,6/14/18,66.89,,6/14/19,52.51,,
6/16/11,95.032,,6/15/12,84.09,,6/17/13,97.822,,6/17/14,106.262,,6/17/15,60.002,,6/16/16,46.316,,6/16/17,44.832,,6/15/18,65.018,,6/17/19,51.978,,
6/17/11,93.166,,6/18/12,83.402,,6/18/13,98.532,,6/18/14,105.818,,6/18/15,60.598,,6/17/16,48.212,,6/19/17,44.338,,6/18/18,65.786,,6/18/19,53.984,,
6/20/11,93.482,,6/19/12,84.222,,6/19/13,98.384,,6/19/14,106.202,,6/19/15,59.826,,6/20/16,49.724,,6/20/17,43.454,,6/19/18,64.968,,6/19/19,53.886,,
6/21/11,94.016,,6/20/12,81.52,,6/20/13,95.192,,6/20/14,106.916,,6/22/15,60.24,,6/21/16,49.65,,6/21/17,42.53,,6/20/18,65.812,,6/20/19,56.986,,
6/22/11,95.41,,6/21/12,78.2,,6/21/13,93.69,,6/23/14,106.17,,6/23/15,61.01,,6/22/16,49.13,,6/22/17,42.74,,6/21/18,65.54,,6/21/19,57.43,,
6/23/11,91.02,,6/22/12,79.76,,6/24/13,95.18,,6/24/14,106.03,,6/24/15,60.27,,6/23/16,50.11,,6/23/17,43.01,,6/22/18,68.58,,6/24/19,57.9,,
6/24/11,91.16,,6/25/12,79.21,,6/25/13,95.32,,6/25/14,106.5,,6/25/15,59.7,,6/24/16,47.64,,6/26/17,43.38,,6/25/18,68.08,,6/25/19,57.83,,
6/27/11,90.61,,6/26/12,79.36,,6/26/13,95.5,,6/26/14,105.84,,6/26/15,59.63,,6/27/16,46.33,,6/27/17,44.24,,6/26/18,70.53,,6/26/19,59.38,,
6/28/11,92.89,,6/27/12,80.21,,6/27/13,97.05,,6/27/14,105.74,,6/29/15,58.33,,6/28/16,47.85,,6/28/17,44.74,,6/27/18,72.76,,6/27/19,59.43,,
6/29/11,94.77,,6/28/12,77.69,,6/28/13,96.56,,6/30/14,105.37,,6/30/15,59.47,,6/29/16,49.88,,6/29/17,44.93,,6/28/18,73.45,,6/28/19,58.47,,
6/30/11,95.42,,6/29/12,84.96,,7/1/13,97.99,,7/1/14,105.34,,7/1/15,56.96,,6/30/16,48.33,,6/30/17,46.04,,6/29/18,74.15,,7/1/19,59.09,,
7/1/11,94.94,,7/2/12,83.75,,7/2/13,99.6,,7/2/14,104.48,,7/2/15,56.93,,7/1/16,48.99,,7/3/17,47.07,,7/2/18,73.94,,7/2/19,56.25,,
7/5/11,96.89,,7/3/12,87.66,,7/3/13,101.24,,7/3/14,104.06,,7/6/15,52.53,,7/5/16,46.6,,7/5/17,45.13,,7/3/18,74.14,,7/3/19,57.34,,
7/6/11,96.65,,7/5/12,87.22,,7/5/13,103.22,,7/7/14,103.53,,7/7/15,52.33,,7/6/16,47.43,,7/6/17,45.52,,7/5/18,72.94,,7/5/19,57.51,,
7/7/11,98.67,,7/6/12,84.45,,7/8/13,103.14,,7/8/14,103.4,,7/8/15,51.65,,7/7/16,45.14,,7/7/17,44.23,,7/6/18,73.8,,7/8/19,57.66,,
7/8/11,96.2,,7/9/12,85.99,,7/9/13,103.53,,7/9/14,102.29,,7/9/15,52.78,,7/8/16,45.41,,7/10/17,44.4,,7/9/18,73.85,,7/9/19,57.83,,
7/11/11,95.15,,7/10/12,83.91,,7/10/13,106.52,,7/10/14,102.93,,7/10/15,52.74,,7/11/16,44.76,,7/11/17,45.04,,7/10/18,74.11,,7/10/19,60.43,,
7/12/11,97.43,,7/11/12,85.81,,7/11/13,104.91,,7/11/14,100.83,,7/13/15,52.2,,7/12/16,46.8,,7/12/17,45.49,,7/11/18,70.38,,7/11/19,60.2,,
7/13/11,98.05,,7/12/12,86.08,,7/12/13,105.95,,7/14/14,100.91,,7/14/15,53.04,,7/13/16,44.75,,7/13/17,46.08,,7/12/18,70.33,,7/12/19,60.21,,
7/14/11,95.69,,7/13/12,87.1,,7/15/13,106.32,,7/15/14,99.96,,7/15/15,51.41,,7/14/16,45.68,,7/14/17,46.54,,7/13/18,71.01,,7/15/19,59.58,,
7/15/11,97.312,,7/16/12,88.43,,7/16/13,106,,7/16/14,101.2,,7/16/15,50.976,,7/15/16,46.09,,7/17/17,46.062,,7/16/18,68.06,,7/16/19,57.62,,
7/18/11,96.058,,7/17/12,89.284,,7/17/13,106.454,,7/17/14,102.992,,7/17/15,51.018,,7/18/16,45.52,,7/18/17,46.476,,7/17/18,67.896,,7/17/19,56.808,,
7/19/11,97.716,,7/18/12,89.99,,7/18/13,107.948,,7/18/14,102.658,,7/20/15,50.324,,7/19/16,45.13,,7/19/17,47.24,,7/18/18,68.356,,7/18/19,55.348,,
7/20/11,98.348,,7/19/12,92.846,,7/19/13,107.942,,7/21/14,103.552,,7/21/15,50.76,,7/20/16,45.588,,7/20/17,46.894,,7/19/18,68.728,,7/19/19,55.708,,
7/21/11,99.13,,7/20/12,91.752,,7/22/13,106.934,,7/22/14,102.796,,7/22/15,49.19,,7/21/16,44.75,,7/21/17,45.77,,7/20/18,68.7,,7/22/19,56.22,,
7/22/11,99.87,,7/23/12,88.14,,7/23/13,107.23,,7/23/14,103.12,,7/23/15,48.45,,7/22/16,44.19,,7/24/17,46.34,,7/23/18,67.89,,7/23/19,56.77,,
7/25/11,99.2,,7/24/12,88.5,,7/24/13,105.39,,7/24/14,102.07,,7/24/15,48.14,,7/25/16,43.13,,7/25/17,47.89,,7/24/18,68.52,,7/24/19,55.88,,
7/26/11,99.59,,7/25/12,88.97,,7/25/13,105.49,,7/25/14,102.09,,7/27/15,47.39,,7/26/16,42.92,,7/26/17,48.75,,7/25/18,69.3,,7/25/19,56.02,,
7/27/11,97.4,,7/26/12,89.39,,7/26/13,104.7,,7/28/14,101.67,,7/28/15,47.98,,7/27/16,41.92,,7/27/17,49.04,,7/26/18,69.61,,7/26/19,56.2,,
7/28/11,97.44,,7/27/12,90.13,,7/29/13,104.55,,7/29/14,100.97,,7/29/15,48.79,,7/28/16,41.14,,7/28/17,49.71,,7/27/18,68.69,,7/29/19,56.87,,
7/29/11,95.7,,7/30/12,89.78,,7/30/13,103.08,,7/30/14,100.27,,7/30/15,48.52,,7/29/16,41.6,,7/31/17,50.17,,7/30/18,70.13,,7/30/19,58.05,,
8/1/11,94.89,,7/31/12,88.06,,7/31/13,105.03,,7/31/14,98.17,,7/31/15,47.12,,8/1/16,40.06,,8/1/17,49.16,,7/31/18,68.76,,7/31/19,58.58,,
8/2/11,93.79,,8/1/12,88.91,,8/1/13,107.89,,8/1/14,97.88,,8/3/15,45.17,,8/2/16,39.51,,8/2/17,49.59,,8/1/18,67.66,,8/1/19,53.95,,
8/3/11,91.93,,8/2/12,87.13,,8/2/13,106.94,,8/4/14,98.29,,8/4/15,45.74,,8/3/16,40.83,,8/3/17,49.03,,8/2/18,68.96,,8/2/19,55.66,,
8/4/11,86.63,,8/3/12,91.4,,8/5/13,106.56,,8/5/14,97.38,,8/5/15,45.15,,8/4/16,41.93,,8/4/17,49.58,,8/3/18,68.49,,8/5/19,54.69,,
8/5/11,86.88,,8/6/12,92.2,,8/6/13,105.3,,8/6/14,96.92,,8/6/15,44.66,,8/5/16,41.8,,8/7/17,49.39,,8/6/18,69.01,,8/6/19,53.63,,
8/8/11,81.31,,8/7/12,93.67,,8/7/13,104.37,,8/7/14,97.34,,8/7/15,43.87,,8/8/16,43.02,,8/8/17,49.17,,8/7/18,69.17,,8/7/19,51.09,,
8/9/11,79.3,,8/8/12,93.35,,8/8/13,103.4,,8/8/14,97.65,,8/10/15,44.96,,8/9/16,42.77,,8/9/17,49.56,,8/8/18,66.94,,8/8/19,52.54,,
8/10/11,82.89,,8/9/12,93.36,,8/9/13,105.97,,8/11/14,98.08,,8/11/15,43.08,,8/10/16,41.71,,8/10/17,48.59,,8/9/18,66.81,,8/9/19,54.5,,
8/11/11,85.72,,8/10/12,92.87,,8/12/13,106.11,,8/12/14,97.37,,8/12/15,43.3,,8/11/16,43.49,,8/11/17,48.82,,8/10/18,67.63,,8/12/19,54.93,,
8/12/11,85.38,,8/13/12,92.73,,8/13/13,106.83,,8/13/14,97.59,,8/13/15,42.23,,8/12/16,44.49,,8/14/17,47.59,,8/13/18,67.2,,8/13/19,57.1,,
8/15/11,87.88,,8/14/12,93.43,,8/14/13,106.85,,8/14/14,95.58,,8/14/15,42.5,,8/15/16,45.74,,8/15/17,47.55,,8/14/18,67.04,,8/14/19,55.23,,
8/16/11,86.65,,8/15/12,94.33,,8/15/13,107.302,,8/15/14,96.944,,8/17/15,41.978,,8/16/16,46.58,,8/16/17,46.78,,8/15/18,65.01,,8/15/19,54.46,,
8/17/11,87.61,,8/16/12,95.658,,8/16/13,107.392,,8/18/14,95.346,,8/18/15,42.82,,8/17/16,46.936,,8/17/17,47.12,,8/16/18,65.344,,8/16/19,54.846,,
8/18/11,82.432,,8/17/12,96.134,,8/19/13,106.956,,8/19/14,93.508,,8/19/15,41.082,,8/18/16,48.488,,8/18/17,48.57,,8/17/18,65.63,,8/19/19,56.168,,
8/19/11,82.35,,8/20/12,96.144,,8/20/13,105.08,,8/20/14,93.974,,8/20/15,41.284,,8/19/16,48.874,,8/21/17,47.466,,8/20/18,65.824,,8/20/19,56.172,,
8/22/11,84.36,,8/21/12,96.808,,8/21/13,103.85,,8/21/14,93.96,,8/21/15,40.45,,8/22/16,47.338,,8/22/17,47.792,,8/21/18,66.142,,8/21/19,55.68,,
8/23/11,85.44,,8/22/12,97.26,,8/22/13,105.03,,8/22/14,93.65,,8/24/15,38.24,,8/23/16,48.1,,8/23/17,48.41,,8/22/18,67.86,,8/22/19,55.35,,
8/24/11,85.16,,8/23/12,96.27,,8/23/13,106.42,,8/25/14,93.35,,8/25/15,39.31,,8/24/16,46.77,,8/24/17,47.43,,8/23/18,67.83,,8/23/19,54.17,,
8/25/11,85.3,,8/24/12,96.15,,8/26/13,105.92,,8/26/14,93.86,,8/26/15,38.6,,8/25/16,47.33,,8/25/17,47.87,,8/24/18,68.72,,8/26/19,53.64,,
8/26/11,85.37,,8/27/12,95.47,,8/27/13,109.01,,8/27/14,93.88,,8/27/15,42.56,,8/26/16,47.64,,8/28/17,46.57,,8/27/18,68.87,,8/27/19,54.93,,
8/29/11,87.27,,8/28/12,96.33,,8/28/13,110.1,,8/28/14,94.55,,8/28/15,45.22,,8/29/16,46.98,,8/29/17,46.44,,8/28/18,68.53,,8/28/19,55.78,,
8/30/11,88.9,,8/29/12,95.49,,8/29/13,108.8,,8/29/14,95.96,,8/31/15,49.2,,8/30/16,46.35,,8/30/17,45.96,,8/29/18,69.51,,8/29/19,56.71,,
8/31/11,88.81,,8/30/12,94.62,,8/30/13,107.65,,9/2/14,92.88,,9/1/15,45.41,,8/31/16,44.7,,8/31/17,47.23,,8/30/18,70.25,,8/30/19,55.1,,
9/1/11,88.93,,8/31/12,96.47,,9/3/13,108.54,,9/3/14,95.54,,9/2/15,46.25,,9/1/16,43.16,,9/1/17,47.29,,8/31/18,69.8,,9/3/19,53.94,,
9/2/11,86.45,,9/4/12,95.3,,9/4/13,107.23,,9/4/14,94.45,,9/3/15,46.75,,9/2/16,44.44,,9/5/17,48.66,,9/4/18,69.87,,9/4/19,56.26,,
9/6/11,86.02,,9/5/12,95.36,,9/5/13,108.37,,9/5/14,93.29,,9/4/15,46.05,,9/6/16,44.83,,9/6/17,49.16,,9/5/18,68.72,,9/5/19,56.3,,
9/7/11,89.34,,9/6/12,95.53,,9/6/13,110.53,,9/8/14,92.66,,9/8/15,45.94,,9/7/16,45.5,,9/7/17,49.09,,9/6/18,67.77,,9/6/19,56.52,,
9/8/11,89.05,,9/7/12,96.42,,9/9/13,109.52,,9/9/14,92.75,,9/9/15,44.15,,9/8/16,47.62,,9/8/17,47.48,,9/7/18,67.75,,9/9/19,57.85,,
9/9/11,87.24,,9/10/12,96.54,,9/10/13,107.39,,9/10/14,91.67,,9/10/15,45.92,,9/9/16,45.88,,9/11/17,48.07,,9/10/18,67.54,,9/10/19,57.4,,
9/12/11,88.19,,9/11/12,97.17,,9/11/13,107.56,,9/11/14,92.83,,9/11/15,44.63,,9/12/16,46.29,,9/12/17,48.23,,9/11/18,69.25,,9/11/19,55.75,,
9/13/11,90.21,,9/12/12,97.01,,9/12/13,108.6,,9/12/14,92.27,,9/14/15,44,,9/13/16,44.9,,9/13/17,49.3,,9/12/18,70.37,,9/12/19,55.09,,
9/14/11,88.91,,9/13/12,98.31,,9/13/13,108.21,,9/15/14,92.92,,9/15/15,44.59,,9/14/16,43.58,,9/14/17,49.89,,9/13/18,68.59,,9/13/19,54.85,,
9/15/11,89.438,,9/14/12,99,,9/16/13,106.59,,9/16/14,94.88,,9/16/15,47.15,,9/15/16,44.032,,9/15/17,50,,9/14/18,68.99,,9/16/19,62.9,,
9/16/11,88.048,,9/17/12,96.686,,9/17/13,105.3,,9/17/14,94.176,,9/17/15,46.96,,9/16/16,43.266,,9/18/17,50.086,,9/17/18,68.864,,9/17/19,59.292,,
9/19/11,85.766,,9/18/12,95.422,,9/18/13,107.754,,9/18/14,92.634,,9/18/15,44.816,,9/19/16,43.636,,9/19/17,49.732,,9/18/18,69.746,,9/18/19,58.082,,
9/20/11,86.914,,9/19/12,92.172,,9/19/13,106.072,,9/19/14,91.954,,9/21/15,46.848,,9/20/16,43.928,,9/20/17,50.634,,9/19/18,70.91,,9/19/19,58.166,,
9/21/11,85.92,,9/20/12,92.31,,9/20/13,104.734,,9/22/14,91,,9/22/15,46.254,,9/21/16,45.34,,9/21/17,50.55,,9/20/18,70.416,,9/20/19,58.09,,
9/22/11,80.51,,9/21/12,92.89,,9/23/13,103.59,,9/23/14,91.56,,9/23/15,44.48,,9/22/16,46.32,,9/22/17,50.66,,9/21/18,70.78,,9/23/19,58.64,,
9/23/11,79.85,,9/24/12,91.93,,9/24/13,103.13,,9/24/14,92.8,,9/24/15,44.91,,9/23/16,44.48,,9/25/17,52.22,,9/24/18,72.08,,9/24/19,57.29,,
9/26/11,80.24,,9/25/12,91.37,,9/25/13,102.66,,9/25/14,92.53,,9/25/15,45.7,,9/26/16,45.93,,9/26/17,51.88,,9/25/18,72.28,,9/25/19,56.49,,
9/27/11,84.45,,9/26/12,89.98,,9/26/13,103.03,,9/26/14,93.54,,9/28/15,44.43,,9/27/16,44.67,,9/27/17,52.14,,9/26/18,71.57,,9/26/19,56.41,,
9/28/11,81.21,,9/27/12,91.85,,9/27/13,102.87,,9/29/14,94.57,,9/29/15,45.23,,9/28/16,47.05,,9/28/17,51.56,,9/27/18,72.12,,9/27/19,55.91,,
9/29/11,82.14,,9/28/12,92.19,,9/30/13,102.33,,9/30/14,91.16,,9/30/15,45.09,,9/29/16,47.83,,9/29/17,51.67,,9/28/18,73.25,,9/30/19,54.07,,
9/30/11,79.2,,10/1/12,92.48,,10/1/13,102.04,,10/1/14,90.73,,10/1/15,44.74,,9/30/16,48.24,,10/2/17,50.58,,10/1/18,75.3,,10/1/19,53.62,,
10/3/11,77.61,,10/2/12,91.89,,10/2/13,104.1,,10/2/14,91.01,,10/2/15,45.54,,10/3/16,48.81,,10/3/17,50.42,,10/2/18,75.23,,10/2/19,52.64,,
10/4/11,75.67,,10/3/12,88.14,,10/3/13,103.31,,10/3/14,89.74,,10/5/15,46.26,,10/4/16,48.69,,10/4/17,49.98,,10/3/18,76.41,,10/3/19,52.45,,
10/5/11,79.68,,10/4/12,91.71,,10/4/13,103.84,,10/6/14,90.34,,10/6/15,48.53,,10/5/16,49.83,,10/5/17,50.79,,10/4/18,74.33,,10/4/19,52.81,,
10/6/11,82.59,,10/5/12,89.88,,10/7/13,103.03,,10/7/14,88.85,,10/7/15,47.81,,10/6/16,50.44,,10/6/17,49.29,,10/5/18,74.34,,10/7/19,52.75,,
10/7/11,82.98,,10/8/12,89.33,,10/8/13,103.49,,10/8/14,87.31,,10/8/15,49.43,,10/7/16,49.81,,10/9/17,49.58,,10/8/18,74.29,,10/8/19,52.63,,
10/10/11,85.41,,10/9/12,92.39,,10/9/13,101.61,,10/9/14,85.77,,10/9/15,49.63,,10/10/16,51.35,,10/10/17,50.92,,10/9/18,74.96,,10/9/19,52.59,,
10/11/11,85.81,,10/10/12,91.25,,10/10/13,103.01,,10/10/14,85.82,,10/12/15,47.1,,10/11/16,50.79,,10/11/17,51.3,,10/10/18,73.17,,10/10/19,53.55,,
10/12/11,85.57,,10/11/12,92.07,,10/11/13,102.02,,10/13/14,85.74,,10/13/15,46.66,,10/12/16,50.18,,10/12/17,50.6,,10/11/18,70.97,,10/11/19,54.7,,
10/13/11,84.23,,10/12/12,91.86,,10/14/13,102.41,,10/14/14,81.84,,10/14/15,46.64,,10/13/16,50.44,,10/13/17,51.45,,10/12/18,71.34,,10/14/19,53.59,,
10/14/11,86.8,,10/15/12,91.85,,10/15/13,101.21,,10/15/14,81.78,,10/15/15,46.478,,10/14/16,50.35,,10/16/17,51.87,,10/15/18,71.78,,10/15/19,52.81,,
10/17/11,86.428,,10/16/12,92.09,,10/16/13,102.29,,10/16/14,82.55,,10/16/15,47.444,,10/17/16,50.026,,10/17/17,51.926,,10/16/18,71.92,,10/16/19,53.36,,
10/18/11,88.416,,10/17/12,92.214,,10/17/13,100.71,,10/17/14,82.474,,10/19/15,46.124,,10/18/16,50.422,,10/18/17,52.128,,10/17/18,69.74,,10/17/19,53.95,,
10/19/11,86.218,,10/18/12,92.272,,10/18/13,100.93,,10/20/14,82.23,,10/20/15,46.142,,10/19/16,51.732,,10/19/17,51.422,,10/18/18,68.674,,10/18/19,53.816,,
10/20/11,85.916,,10/19/12,90.284,,10/21/13,99.496,,10/21/14,82.554,,10/21/15,45.2,,10/20/16,50.59,,10/20/17,51.766,,10/19/18,69.216,,10/21/19,53.43,,
10/21/11,87.4,,10/22/12,88.666,,10/22/13,98.2,,10/22/14,80.52,,10/22/15,45.38,,10/21/16,50.85,,10/23/17,51.9,,10/22/18,69.322,,10/22/19,54.416,,
10/24/11,91.27,,10/23/12,86.67,,10/23/13,96.86,,10/23/14,82.09,,10/23/15,44.6,,10/24/16,50.52,,10/24/17,52.47,,10/23/18,66.43,,10/23/19,55.97,,
10/25/11,93.17,,10/24/12,85.73,,10/24/13,97.11,,10/24/14,81.01,,10/26/15,43.98,,10/25/16,49.96,,10/25/17,52.18,,10/24/18,66.82,,10/24/19,56.23,,
10/26/11,90.2,,10/25/12,86.05,,10/25/13,97.85,,10/27/14,81,,10/27/15,43.2,,10/26/16,49.18,,10/26/17,52.64,,10/25/18,67.33,,10/25/19,56.66,,
10/27/11,93.96,,10/26/12,86.28,,10/28/13,98.68,,10/28/14,81.42,,10/28/15,45.94,,10/27/16,49.72,,10/27/17,53.9,,10/26/18,67.59,,10/28/19,55.81,,
10/28/11,93.32,,10/29/12,85.54,,10/29/13,98.2,,10/29/14,82.2,,10/29/15,46.06,,10/28/16,48.7,,10/30/17,54.15,,10/29/18,67.04,,10/29/19,55.54,,
10/31/11,93.19,,10/30/12,85.68,,10/30/13,96.77,,10/30/14,81.12,,10/30/15,46.59,,10/31/16,46.86,,10/31/17,54.38,,10/30/18,66.18,,10/30/19,55.06,,
11/1/11,92.19,,10/31/12,86.24,,10/31/13,96.38,,10/31/14,80.54,,11/2/15,46.14,,11/1/16,46.67,,11/1/17,54.3,,10/31/18,65.31,,10/31/19,54.18,,
11/2/11,92.51,,11/1/12,87.09,,11/1/13,94.61,,11/3/14,78.78,,11/3/15,47.9,,11/2/16,45.34,,11/2/17,54.54,,11/1/18,63.69,,11/1/19,56.2,,
11/3/11,94.07,,11/2/12,84.86,,11/4/13,94.62,,11/4/14,77.19,,11/4/15,46.32,,11/3/16,44.66,,11/3/17,55.64,,11/2/18,63.14,,11/4/19,56.54,,
11/4/11,94.26,,11/5/12,85.65,,11/5/13,93.37,,11/5/14,78.68,,11/5/15,45.2,,11/4/16,44.07,,11/6/17,57.35,,11/5/18,63.1,,11/5/19,57.23,,
11/7/11,95.52,,11/6/12,88.71,,11/6/13,94.8,,11/6/14,77.91,,11/6/15,44.29,,11/7/16,44.89,,11/7/17,57.2,,11/6/18,62.21,,11/6/19,56.35,,
11/8/11,96.8,,11/7/12,84.44,,11/7/13,94.2,,11/7/14,78.65,,11/9/15,43.87,,11/8/16,44.98,,11/8/17,56.81,,11/7/18,61.67,,11/7/19,57.15,,
11/9/11,95.74,,11/8/12,85.09,,11/8/13,94.6,,11/10/14,77.4,,11/10/15,44.21,,11/9/16,45.27,,11/9/17,57.17,,11/8/18,60.67,,11/8/19,57.24,,
11/10/11,97.78,,11/9/12,86.07,,11/11/13,95.14,,11/11/14,77.94,,11/11/15,42.93,,11/10/16,44.66,,11/10/17,56.74,,11/9/18,60.19,,11/11/19,56.86,,
11/11/11,98.99,,11/12/12,85.57,,11/12/13,93.04,,11/12/14,77.18,,11/12/15,41.75,,11/11/16,43.41,,11/13/17,56.76,,11/12/18,59.93,,11/12/19,56.8,,
11/14/11,98.14,,11/13/12,85.472,,11/13/13,93.88,,11/13/14,74.21,,11/13/15,40.74,,11/14/16,43.32,,11/14/17,55.7,,11/13/18,55.69,,11/13/19,57.12,,
11/15/11,99.382,,11/14/12,86.492,,11/14/13,93.76,,11/14/14,75.82,,11/16/15,41.74,,11/15/16,45.81,,11/15/17,55.368,,11/14/18,56.288,,11/14/19,56.77,,
11/16/11,102.594,,11/15/12,85.702,,11/15/13,93.97,,11/17/14,75.644,,11/17/15,40.878,,11/16/16,45.676,,11/16/17,55.224,,11/15/18,56.548,,11/15/19,57.742,,
11/17/11,98.886,,11/16/12,86.87,,11/18/13,93.29,,11/18/14,74.622,,11/18/15,41.23,,11/17/16,45.644,,11/17/17,56.646,,11/16/18,56.592,,11/18/19,57.086,,
11/18/11,97.618,,11/19/12,89.28,,11/19/13,93.67,,11/19/14,74.532,,11/19/15,41.248,,11/18/16,46.092,,11/20/17,56.354,,11/19/18,57.112,,11/19/19,55.294,,
11/21/11,96.92,,11/20/12,86.75,,11/20/13,93.746,,11/20/14,75.796,,11/20/15,41.598,,11/21/16,48.09,,11/21/17,56.83,,11/20/18,53.43,,11/20/19,57.03,,
11/22/11,98.01,,11/21/12,87.38,,11/21/13,95.44,,11/21/14,76.51,,11/23/15,41.75,,11/22/16,48.03,,11/22/17,58.02,,11/21/18,54.63,,11/21/19,58.58,,
11/23/11,96.17,,11/23/12,88.28,,11/22/13,94.84,,11/24/14,75.78,,11/24/15,42.87,,11/23/16,47.96,,11/24/17,58.95,,11/23/18,50.42,,11/22/19,57.77,,
11/25/11,96.77,,11/26/12,87.74,,11/25/13,94.09,,11/25/14,74.09,,11/25/15,43.04,,11/25/16,46.06,,11/27/17,58.11,,11/26/18,51.63,,11/25/19,58.01,,
11/28/11,98.21,,11/27/12,87.18,,11/26/13,93.68,,11/26/14,73.69,,11/27/15,41.71,,11/28/16,47.08,,11/28/17,57.99,,11/27/18,51.56,,11/26/19,58.41,,
11/29/11,99.79,,11/28/12,86.49,,11/27/13,92.3,,11/28/14,66.15,,11/30/15,41.65,,11/29/16,45.23,,11/29/17,57.3,,11/28/18,50.29,,11/27/19,58.11,,
11/30/11,100.36,,11/29/12,88.07,,11/29/13,92.72,,12/1/14,69,,12/1/15,41.85,,11/30/16,49.44,,11/30/17,57.4,,11/29/18,51.45,,11/29/19,55.17,,
12/1/11,100.2,,11/30/12,88.91,,12/2/13,93.82,,12/2/14,66.88,,12/2/15,39.94,,12/1/16,51.06,,12/1/17,58.36,,11/30/18,50.93,,12/2/19,55.96,,
12/2/11,100.96,,12/3/12,89.09,,12/3/13,96.04,,12/3/14,67.38,,12/3/15,41.08,,12/2/16,51.68,,12/4/17,57.47,,12/3/18,52.95,,12/3/19,56.1,,
12/5/11,100.99,,12/4/12,88.5,,12/4/13,97.2,,12/4/14,66.81,,12/4/15,39.97,,12/5/16,51.79,,12/5/17,57.62,,12/4/18,53.25,,12/4/19,58.43,,
12/6/11,101.28,,12/5/12,87.88,,12/5/13,97.38,,12/5/14,65.84,,12/7/15,37.65,,12/6/16,50.93,,12/6/17,55.96,,12/5/18,52.89,,12/5/19,58.43,,
12/7/11,100.49,,12/6/12,86.26,,12/6/13,97.65,,12/8/14,63.05,,12/8/15,37.51,,12/7/16,49.77,,12/7/17,56.69,,12/6/18,51.49,,12/6/19,59.2,,
12/8/11,98.34,,12/7/12,85.93,,12/9/13,97.34,,12/9/14,63.82,,12/9/15,37.16,,12/8/16,50.84,,12/8/17,57.36,,12/7/18,52.61,,12/9/19,59.02,,
12/9/11,99.41,,12/10/12,85.56,,12/10/13,98.51,,12/10/14,60.94,,12/10/15,36.76,,12/9/16,51.5,,12/11/17,57.99,,12/10/18,51,,12/10/19,59.24,,
12/12/11,97.77,,12/11/12,85.79,,12/11/13,97.44,,12/11/14,59.95,,12/11/15,35.62,,12/12/16,52.83,,12/12/17,57.14,,12/11/18,51.65,,12/11/19,58.76,,
12/13/11,100.14,,12/12/12,86.77,,12/12/13,97.5,,12/12/14,57.81,,12/14/15,36.31,,12/13/16,52.98,,12/13/17,56.6,,12/12/18,51.15,,12/12/19,59.18,,
12/14/11,94.95,,12/13/12,85.89,,12/13/13,96.6,,12/15/14,55.91,,12/15/15,37.35,,12/14/16,51.04,,12/14/17,57.048,,12/13/18,52.58,,12/13/19,60.07,,
12/15/11,93.91,,12/14/12,86.834,,12/16/13,97.538,,12/16/14,55.996,,12/16/15,35.766,,12/15/16,51.114,,12/15/17,57.312,,12/14/18,51.254,,12/16/19,60.196,,
12/16/11,93.618,,12/17/12,87.388,,12/17/13,97.32,,12/17/14,56.598,,12/17/15,35.478,,12/16/16,52.32,,12/18/17,57.196,,12/17/18,50.008,,12/17/19,60.912,,
12/19/11,93.982,,12/18/12,88.212,,12/18/13,97.956,,12/18/14,54.26,,12/18/15,35.528,,12/19/16,52.684,,12/19/17,57.54,,12/18/18,46.456,,12/18/19,60.882,,
12/20/11,97.236,,12/19/12,89.886,,12/19/13,98.986,,12/19/14,57.008,,12/21/15,35.596,,12/20/16,53.086,,12/20/17,58.09,,12/19/18,47.976,,12/19/19,61.188,,
12/21/11,98.67,,12/20/12,90.13,,12/20/13,99.32,,12/22/14,55.26,,12/22/15,36.14,,12/21/16,52.49,,12/21/17,58.36,,12/20/18,45.88,,12/20/19,60.44,,
12/22/11,99.53,,12/21/12,88.66,,12/23/13,98.91,,12/23/14,57.12,,12/23/15,37.5,,12/22/16,52.95,,12/22/17,58.47,,12/21/18,45.59,,12/23/19,60.52,,
12/23/11,99.68,,12/24/12,88.61,,12/24/13,99.22,,12/24/14,55.84,,12/24/15,38.1,,12/23/16,53.02,,12/26/17,59.97,,12/24/18,42.53,,12/24/19,61.11,,
12/27/11,101.34,,12/26/12,90.98,,12/26/13,99.55,,12/26/14,54.73,,12/28/15,36.81,,12/27/16,53.9,,12/27/17,59.64,,12/26/18,46.22,,12/26/19,61.68,,
12/28/11,99.36,,12/27/12,90.87,,12/27/13,100.32,,12/29/14,53.61,,12/29/15,37.87,,12/28/16,54.06,,12/28/17,59.84,,12/27/18,44.61,,12/27/19,61.72,,
12/29/11,99.65,,12/28/12,90.8,,12/30/13,99.29,,12/30/14,54.12,,12/30/15,36.6,,12/29/16,53.77,,12/29/17,60.42,,12/28/18,45.33,,12/30/19,61.68,,
12/30/11,98.83,,12/31/12,91.82,,12/31/13,98.42,,12/31/14,53.27,,12/31/15,37.04,,12/30/16,53.72,,,,,12/31/18,45.41,,12/31/19,61.06,,
2011,,,2012,,,2013,,,2014,,,2015,,,2016,,,2017,,,2018,,,2019,,,
Year AVG,95.17070635,,Year AVG,94.1759127,,Year AVG,98.06872222,,Year AVG,92.84993651,,Year AVG,48.83480952,,Year AVG,43.55950794,,Year AVG,50.88678884,,Year AVG,64.88192063,,Year AVG,57.05402381,,